epoch,train_loss,val_loss,bleu
1,5.6139,5.8705,NA
1,5.6119,5.9422,NA
2,5.1408,5.7722,NA
3,4.974,5.7905,NA
4,4.8774,5.7637,NA
5,4.8128,5.757,0.10700478625669552
6,4.7744,5.8098,NA
7,4.7508,5.7852,NA
8,4.7396,5.7897,NA
9,4.5644,5.7214,NA
10,4.4805,5.7453,0.11303119563627728
